{
    "model_type": "linear",
    "timestamp": "2025-03-30 18:58:10",
    "mse": 209.33052195779783,
    "mae": 14.238092298382375,
    "r2": 0.9935212292717125,
    "feature_count": 30
}