{
    "model_type": "rf",
    "timestamp": "2025-03-16 19:11:21",
    "mse": 8409.347837612273,
    "mae": 80.01801587301604,
    "r2": 0.7397310430186854,
    "feature_count": 30,
    "feature_importance": {
        "day": 0.0,
        "year": 0.0,
        "weekday": 0.05982075623273838,
        "items_sold": 0.17745926968892228,
        "transactions": 0.12550524068179644,
        "customer_count": 0.05420000818602657,
        "electronics_sales": 0.12312225431591273,
        "clothing_sales": 0.0985042638298279,
        "home_sales": 0.07998325159965274,
        "food_sales": 0.1442294897117379,
        "beauty_sales": 0.10625535393492751,
        "day_of_year": 0.0,
        "month_progress": 0.0007014148282744653,
        "is_weekend": 0.0092660362028398,
        "sales_ma7": 0.0,
        "sales_ma30": 0.010952660787343275,
        "sales_growth": 0.0,
        "is_holiday": 0.0,
        "month_1": 0.0,
        "day_of_week_0": 0.0,
        "day_of_week_1": 0.0,
        "day_of_week_2": 0.0,
        "day_of_week_3": 0.0,
        "day_of_week_4": 0.0,
        "day_of_week_5": 0.0,
        "day_of_week_6": 0.0,
        "sales_lag_1": 0.01,
        "sales_lag_7": 0.0,
        "sales_lag_14": 0.0,
        "sales_lag_30": 0.0
    }
}